{"codebraid_version": "0.10.3", "cache": {"4375f97be71a83c879a1ae3463f439cc80120b109369044ab1ae83459ec7cdf72108ce41eb4fa7c0c3b2f0821371b19a4d9fb6febb85c0ac4a052c557481e96b_301": {"session_status_prevent_exec": false, "session_errors": [], "session_warnings": [], "session_files": [], "code_chunks": {"0": {"stdout_lines": ["x = 10", "x = 20", "HANG SO = 100000000000"], "stderr_lines": [], "repl_lines": [], "expr_lines": []}, "1": {"stdout_lines": ["inner = 200", "outer = 300", "outer = 10"], "stderr_lines": [], "repl_lines": [], "expr_lines": []}}}}}